"","Season","nationality","Player","PER"
"26982","2014 - 2015","United States / Turkey","Shane Larkin",9.32
"31227","2015 - 2016","United States / Turkey","Shane Larkin",11.69
"40204","2017 - 2018","United States / Turkey","Shane Larkin",9.57
"1861","2002 - 2003","United States / Norway","Milt Palacio",6.57
"4267","2004 - 2005","United States / Norway","Milt Palacio",8.78
"5486","2005 - 2006","United States / Norway","Milt Palacio",6.25
"35484","2016 - 2017","United States / Lithuania","Domantas Sabonis",6.74
"40043","2017 - 2018","United States / Lithuania","Domantas Sabonis",14.41
"45103","2018 - 2019","United States / Lithuania","Domantas Sabonis",19.65
"51740","2019 - 2020","United States / Lithuania","Domantas Sabonis",19.09
"45306","2018 - 2019","United States / Israel","T.J. Leaf",17.43
"18860","2012 - 2013","United States / Greece","Kosta Koufos",16.48
"23006","2013 - 2014","United States / Greece","Kosta Koufos",14.03
"23032","2013 - 2014","United States / Greece","Nick Calathes",10.38
"26994","2014 - 2015","United States / Greece","Kosta Koufos",12.18
"31234","2015 - 2016","United States / Greece","Kosta Koufos",14.72
"35487","2016 - 2017","United States / Greece","Kosta Koufos",13.53
"40149","2017 - 2018","United States / Greece","Kosta Koufos",17.25
"126","1999 - 2000","United States / Germany","Shawn Bradley",14.2
"640","2000 - 2001","United States / Germany","Shawn Bradley",12.53
"1821","2002 - 2003","United States / Germany","Shawn Bradley",14.28
"2900","2003 - 2004","United States / Germany","Chris Kaman",6.54
"4318","2004 - 2005","United States / Germany","Shawn Bradley",8.6
"5400","2005 - 2006","United States / Germany","Chris Kaman",11.02
"6653","2006 - 2007","United States / Germany","Chris Kaman",9.14
"10588","2009 - 2010","United States / Germany","Chris Kaman",13.05
"10703","2009 - 2010","United States / Germany","Donte Greene",9.4
"14813","2011 - 2012","United States / Germany","Chris Kaman",11.69
"18850","2012 - 2013","United States / Germany","Chris Kaman",14.57
"26942","2014 - 2015","United States / Germany","Chris Kaman",15.14
"35497","2016 - 2017","United States / Croatia","Justin Hamilton",13.91
"111","1999 - 2000","Ukraine","Vitaly Potapenko",10.67
"634","2000 - 2001","Ukraine","Vitaly Potapenko",9.69
"1194","2001 - 2002","Ukraine","Vitaly Potapenko",8.39
"1199","2001 - 2002","Ukraine","Slava Medvedenko",12.93
"2890","2003 - 2004","Ukraine","Slava Medvedenko",10.4
"31198","2015 - 2016","Ukraine","Alex Len",9.06
"35437","2016 - 2017","Ukraine","Alex Len",11.99
"40111","2017 - 2018","Ukraine","Alex Len",15.92
"45142","2018 - 2019","Ukraine","Alex Len",16.53
"51876","2019 - 2020","Ukraine","Svi Mykhailiuk",10.9
"51903","2019 - 2020","Ukraine","Alex Len",17.11
"672","2000 - 2001","Turkey","Hedo Turkoglu",8.16
"1115","2001 - 2002","Turkey","Hedo Turkoglu",10.48
"1835","2002 - 2003","Turkey","Mehmet Okur",10.17
"1852","2002 - 2003","Turkey","Hedo Turkoglu",8.5
"2858","2003 - 2004","Turkey","Hedo Turkoglu",10.29
"2867","2003 - 2004","Turkey","Mehmet Okur",12.15
"4170","2004 - 2005","Turkey","Mehmet Okur",11.62
"5353","2005 - 2006","Turkey","Mehmet Okur",12.59
"5374","2005 - 2006","Turkey","Hedo Turkoglu",10.77
"6573","2006 - 2007","Turkey","Mehmet Okur",13.02
"6616","2006 - 2007","Turkey","Hedo Turkoglu",9.82
"7963","2007 - 2008","Turkey","Hedo Turkoglu",13.12
"8005","2007 - 2008","Turkey","Mehmet Okur",12.43
"9294","2008 - 2009","Turkey","Hedo Turkoglu",9.86
"9302","2008 - 2009","Turkey","Mehmet Okur",13.3
"10638","2009 - 2010","Turkey","Mehmet Okur",12.52
"10660","2009 - 2010","Turkey","Ersan Ilyasova",13.23
"10661","2009 - 2010","Turkey","Hedo Turkoglu",10.12
"11941","2010 - 2011","Turkey","Hedo Turkoglu",11.67
"12043","2010 - 2011","Turkey","Omer Asik",8.42
"14773","2011 - 2012","Turkey","Ersan Ilyasova",16.84
"14828","2011 - 2012","Turkey","Hedo Turkoglu",9.19
"14916","2011 - 2012","Turkey","Omer Asik",10.86
"18791","2012 - 2013","Turkey","Ersan Ilyasova",16.17
"18817","2012 - 2013","Turkey","Omer Asik",12.57
"26958","2014 - 2015","Turkey","Omer Asik",12.2
"27016","2014 - 2015","Turkey","Hedo Turkoglu",10.62
"31184","2015 - 2016","Turkey","Ersan Ilyasova",11.88
"35342","2016 - 2017","Turkey","Ersan Ilyasova",13.31
"40075","2017 - 2018","Turkey","Ersan Ilyasova",14.13
"45259","2018 - 2019","Turkey","Ersan Ilyasova",11.54
"51821","2019 - 2020","Turkey","Furkan Korkmaz",12.02
"51910","2019 - 2020","Turkey","Ersan Ilyasova",14.64
"14896","2011 - 2012","Switzerland / Turkey","Enes Kanter",10.45
"18887","2012 - 2013","Switzerland / Turkey","Enes Kanter",13.61
"22919","2013 - 2014","Switzerland / Turkey","Enes Kanter",12.23
"26848","2014 - 2015","Switzerland / Turkey","Enes Kanter",16.06
"31143","2015 - 2016","Switzerland / Turkey","Enes Kanter",19.62
"35348","2016 - 2017","Switzerland / Turkey","Enes Kanter",18.64
"40009","2017 - 2018","Switzerland / Turkey","Enes Kanter",21.69
"45128","2018 - 2019","Switzerland / Turkey","Enes Kanter",20.34
"51888","2019 - 2020","Switzerland / Turkey","Enes Kanter",21.41
"14901","2011 - 2012","Switzerland / Montenegro","Nikola Vucevic",12.8
"18786","2012 - 2013","Switzerland / Montenegro","Nikola Vucevic",16.49
"26828","2014 - 2015","Switzerland / Montenegro","Nikola Vucevic",18.51
"35339","2016 - 2017","Switzerland / Montenegro","Nikola Vucevic",18.83
"45047","2018 - 2019","Switzerland / Montenegro","Nikola Vucevic",25.83
"51728","2019 - 2020","Switzerland / Montenegro","Nikola Vucevic",22.15
"6740","2006 - 2007","Switzerland","Thabo Sefolosha",7.36
"10734","2009 - 2010","Switzerland","Thabo Sefolosha",8.79
"12025","2010 - 2011","Switzerland","Thabo Sefolosha",9.26
"14917","2011 - 2012","Switzerland","Thabo Sefolosha",7.66
"18868","2012 - 2013","Switzerland","Thabo Sefolosha",11.81
"23029","2013 - 2014","Switzerland","Thabo Sefolosha",9.22
"31233","2015 - 2016","Switzerland","Clint Capela",16.75
"31247","2015 - 2016","Switzerland","Thabo Sefolosha",11.81
"35387","2016 - 2017","Switzerland","Clint Capela",21.27
"35495","2016 - 2017","Switzerland","Thabo Sefolosha",11.66
"40001","2017 - 2018","Switzerland","Clint Capela",22.74
"45094","2018 - 2019","Switzerland","Clint Capela",22.33
"51867","2019 - 2020","Switzerland","Clint Capela",21.47
"10680","2009 - 2010","Sweden","Jonas Jerebko",10.89
"14836","2011 - 2012","Sweden","Jonas Jerebko",10.22
"18890","2012 - 2013","Sweden","Jeffery Taylor",7.89
"26987","2014 - 2015","Sweden","Jonas Jerebko",13.22
"31269","2015 - 2016","Sweden","Jonas Jerebko",8.99
"35545","2016 - 2017","Sweden","Jonas Jerebko",9.6
"40164","2017 - 2018","Sweden","Jonas Jerebko",12.5
"45253","2018 - 2019","Sweden","Jonas Jerebko",13.58
"1053","2001 - 2002","Spain","Pau Gasol",14.03
"1704","2002 - 2003","Spain","Pau Gasol",13.61
"2782","2003 - 2004","Spain","Pau Gasol",14.03
"2887","2003 - 2004","Spain","Raul Lopez",7.83
"5341","2005 - 2006","Spain","Pau Gasol",14.43
"6667","2006 - 2007","Spain","Jose Calderon",15.56
"7991","2007 - 2008","Spain","Pau Gasol",16.58
"8018","2007 - 2008","Spain","Jose Calderon",18.41
"8028","2007 - 2008","Spain","Juan Carlos Navarro",9.44
"8151","2007 - 2008","Spain","Sergio Rodriguez",7.11
"9275","2008 - 2009","Spain","Pau Gasol",17.85
"9336","2008 - 2009","Spain","Marc Gasol",11.18
"9359","2008 - 2009","Spain","Rudy Fernandez",12.02
"9445","2008 - 2009","Spain","Sergio Rodriguez",9.81
"10618","2009 - 2010","Spain","Pau Gasol",17.62
"11866","2010 - 2011","Spain","Pau Gasol",17.68
"11931","2010 - 2011","Spain","Marc Gasol",12.8
"11985","2010 - 2011","Spain","Rudy Fernandez",9.91
"14725","2011 - 2012","Spain","Pau Gasol",16.04
"14744","2011 - 2012","Spain","Marc Gasol",12.97
"14838","2011 - 2012","Spain","Jose Calderon",14.42
"18767","2012 - 2013","Spain","Marc Gasol",14.41
"18818","2012 - 2013","Spain","Jose Calderon",17
"22927","2013 - 2014","Spain","Jose Calderon",14.54
"22956","2013 - 2014","Spain","Ricky Rubio",12.43
"26826","2014 - 2015","Spain","Pau Gasol",17.74
"26830","2014 - 2015","Spain","Marc Gasol",15.34
"31124","2015 - 2016","Spain","Pau Gasol",18.21
"31185","2015 - 2016","Spain","Ricky Rubio",13.15
"31231","2015 - 2016","Spain","Jose Calderon",11.6
"35308","2016 - 2017","Spain","Marc Gasol",16.2
"35383","2016 - 2017","Spain","Ricky Rubio",13.27
"35393","2016 - 2017","Spain","Pau Gasol",17.84
"35443","2016 - 2017","Spain","Willy Hernangomez",17.07
"35463","2016 - 2017","Spain","Sergio Rodriguez",12.43
"35516","2016 - 2017","Spain","Alex Abrines",9.31
"35542","2016 - 2017","Spain","Juancho Hernangomez",11.9
"39979","2017 - 2018","Spain","Marc Gasol",13.6
"40007","2017 - 2018","Spain","Ricky Rubio",12.36
"40066","2017 - 2018","Spain","Pau Gasol",16.3
"40185","2017 - 2018","Spain","Alex Abrines",8.25
"40201","2017 - 2018","Spain","Jose Calderon",11.11
"45100","2018 - 2019","Spain","Marc Gasol",15.47
"45138","2018 - 2019","Spain","Ricky Rubio",12.13
"45271","2018 - 2019","Spain","Willy Hernangomez",17.03
"45274","2018 - 2019","Spain","Juancho Hernangomez",10.4
"51783","2019 - 2020","Spain","Ricky Rubio",15.31
"169","1999 - 2000","Slovenia","Rasho Nesterovic",9.38
"680","2000 - 2001","Slovenia","Rasho Nesterovic",8.97
"1135","2001 - 2002","Slovenia","Rasho Nesterovic",12.01
"1762","2002 - 2003","Slovenia","Rasho Nesterovic",13.41
"2862","2003 - 2004","Slovenia","Rasho Nesterovic",13.24
"4187","2004 - 2005","Slovenia","Primoz Brezec",12.76
"4260","2004 - 2005","Slovenia","Bostjan Nachbar",6.31
"4265","2004 - 2005","Slovenia","Beno Udrih",10.91
"4285","2004 - 2005","Slovenia","Rasho Nesterovic",11.25
"5392","2005 - 2006","Slovenia","Primoz Brezec",11.64
"5496","2005 - 2006","Slovenia","Rasho Nesterovic",9.77
"5506","2005 - 2006","Slovenia","Sasha Vujacic",6.6
"6662","2006 - 2007","Slovenia","Bostjan Nachbar",10.64
"6704","2006 - 2007","Slovenia","Rasho Nesterovic",12.87
"6727","2006 - 2007","Slovenia","Beno Udrih",7.33
"6734","2006 - 2007","Slovenia","Sasha Vujacic",9.59
"8059","2007 - 2008","Slovenia","Bostjan Nachbar",8.76
"8079","2007 - 2008","Slovenia","Sasha Vujacic",13.32
"8097","2007 - 2008","Slovenia","Rasho Nesterovic",15.03
"9362","2008 - 2009","Slovenia","Beno Udrih",10.31
"9424","2008 - 2009","Slovenia","Rasho Nesterovic",14.1
"9426","2008 - 2009","Slovenia","Sasha Vujacic",10.83
"10633","2009 - 2010","Slovenia","Beno Udrih",13.9
"10708","2009 - 2010","Slovenia","Goran Dragic",11.91
"10768","2009 - 2010","Slovenia","Sasha Vujacic",9.37
"11906","2010 - 2011","Slovenia","Beno Udrih",12.8
"12014","2010 - 2011","Slovenia","Goran Dragic",10.79
"14776","2011 - 2012","Slovenia","Goran Dragic",13.42
"14881","2011 - 2012","Slovenia","Beno Udrih",11.59
"18766","2012 - 2013","Slovenia","Goran Dragic",13.51
"18879","2012 - 2013","Slovenia","Beno Udrih",11.9
"22857","2013 - 2014","Slovenia","Goran Dragic",16.03
"26839","2014 - 2015","Slovenia","Goran Dragic",14.16
"26948","2014 - 2015","Slovenia","Beno Udrih",12.54
"31148","2015 - 2016","Slovenia","Goran Dragic",13.33
"35307","2016 - 2017","Slovenia","Goran Dragic",15.44
"39973","2017 - 2018","Slovenia","Goran Dragic",13.96
"45055","2018 - 2019","Slovenia","Luka Doncic",16.16
"51702","2019 - 2020","Slovenia","Luka Doncic",22.35
"51766","2019 - 2020","Slovenia","Goran Dragic",14.07
"87","1999 - 2000","Serbia / Greece","Peja Stojakovic",13.2
"529","2000 - 2001","Serbia / Greece","Peja Stojakovic",13.53
"1044","2001 - 2002","Serbia / Greece","Peja Stojakovic",14.59
"1716","2002 - 2003","Serbia / Greece","Peja Stojakovic",15.28
"2755","2003 - 2004","Serbia / Greece","Peja Stojakovic",15.86
"4143","2004 - 2005","Serbia / Greece","Peja Stojakovic",12.71
"5364","2005 - 2006","Serbia / Greece","Peja Stojakovic",11.84
"5465","2005 - 2006","Serbia / Greece","Marko Jaric",8.99
"6722","2006 - 2007","Serbia / Greece","Marko Jaric",7.42
"7990","2007 - 2008","Serbia / Greece","Peja Stojakovic",13.18
"8081","2007 - 2008","Serbia / Greece","Marko Jaric",9.47
"66","1999 - 2000","Serbia","Vlade Divac",14.24
"575","2000 - 2001","Serbia","Vlade Divac",12.72
"1105","2001 - 2002","Serbia","Vlade Divac",13.4
"1167","2001 - 2002","Serbia","Zeljko Rebraca",10.49
"1774","2002 - 2003","Serbia","Vlade Divac",12.33
"1786","2002 - 2003","Serbia","Vladimir Radmanovic",10.18
"2824","2003 - 2004","Serbia","Vladimir Radmanovic",12.17
"2850","2003 - 2004","Serbia","Vlade Divac",12.71
"2926","2003 - 2004","Serbia","Sasha Pavlovic",5.26
"4211","2004 - 2005","Serbia","Nenad Krstic",8.78
"5382","2005 - 2006","Serbia","Nenad Krstic",10.86
"5429","2005 - 2006","Serbia","Vladimir Radmanovic",11
"6671","2006 - 2007","Serbia","Darko Milicic",9.62
"6678","2006 - 2007","Serbia","Sasha Pavlovic",8.68
"8101","2007 - 2008","Serbia","Vladimir Radmanovic",11.86
"8109","2007 - 2008","Serbia","Darko Milicic",9.41
"9411","2008 - 2009","Serbia","Vladimir Radmanovic",10
"9452","2008 - 2009","Serbia","Sasha Pavlovic",7.49
"10704","2009 - 2010","Serbia","Nenad Krstic",11.9
"10762","2009 - 2010","Serbia","Sasha Pavlovic",5.21
"11997","2010 - 2011","Serbia","Nenad Krstic",9.94
"12029","2010 - 2011","Serbia","Vladimir Radmanovic",11.95
"14913","2011 - 2012","Serbia","Vladimir Radmanovic",10.01
"14928","2011 - 2012","Serbia","Sasha Pavlovic",6.56
"31182","2015 - 2016","Serbia","Nikola Jokic",18.4
"35320","2016 - 2017","Serbia","Nikola Jokic",24.84
"35517","2016 - 2017","Serbia","Nemanja Bjelica",10.38
"39965","2017 - 2018","Serbia","Nikola Jokic",21.72
"40033","2017 - 2018","Serbia","Bogdan Bogdanovic",12.36
"40158","2017 - 2018","Serbia","Nemanja Bjelica",12.41
"45050","2018 - 2019","Serbia","Nikola Jokic",24.74
"45110","2018 - 2019","Serbia","Bogdan Bogdanovic",13.99
"45165","2018 - 2019","Serbia","Nemanja Bjelica",16.31
"45268","2018 - 2019","Serbia","Boban Marjanovic",21.25
"51714","2019 - 2020","Serbia","Nikola Jokic",23.26
"51770","2019 - 2020","Serbia","Bogdan Bogdanovic",15.37
"51788","2019 - 2020","Serbia","Nemanja Bjelica",16.25
"1108","2001 - 2002","Russia","Andrei Kirilenko",12.63
"1748","2002 - 2003","Russia","Andrei Kirilenko",14.44
"2793","2003 - 2004","Russia","Andrei Kirilenko",14.39
"6681","2006 - 2007","Russia","Andrei Kirilenko",10.34
"8049","2007 - 2008","Russia","Andrei Kirilenko",13.77
"9367","2008 - 2009","Russia","Andrei Kirilenko",11.46
"18826","2012 - 2013","Russia","Andrei Kirilenko",13.71
"18858","2012 - 2013","Russia","Alexey Shved",8.55
"22959","2013 - 2014","Russia","Timofey Mozgov",12.69
"26912","2014 - 2015","Russia","Timofey Mozgov",13.19
"31250","2015 - 2016","Russia","Timofey Mozgov",12.44
"9459","2008 - 2009","Poland","Marcin Gortat",15.66
"10761","2009 - 2010","Poland","Marcin Gortat",11.69
"11950","2010 - 2011","Poland","Marcin Gortat",15.19
"14738","2011 - 2012","Poland","Marcin Gortat",17.48
"22905","2013 - 2014","Poland","Marcin Gortat",15.19
"26871","2014 - 2015","Poland","Marcin Gortat",16.35
"31149","2015 - 2016","Poland","Marcin Gortat",17.5
"35373","2016 - 2017","Poland","Marcin Gortat",14.96
"40086","2017 - 2018","Poland","Marcin Gortat",13.64
"45303","2018 - 2019","Poland","Marcin Gortat",12.73
"40203","2017 - 2018","North Macedonia / Turkey","Cedi Osman",10.58
"45109","2018 - 2019","North Macedonia / Turkey","Cedi Osman",10.3
"51813","2019 - 2020","North Macedonia / Turkey","Cedi Osman",10.85
"27003","2014 - 2015","North Macedonia","Pero Antic",6.18
"45211","2018 - 2019","Nigeria / United States","Josh Okogie",7.96
"51870","2019 - 2020","Nigeria / United States","Josh Okogie",9.13
"101","1999 - 2000","Nigeria / England","Michael Olowokandi",7.48
"616","2000 - 2001","Nigeria / England","Michael Olowokandi",7.16
"1106","2001 - 2002","Nigeria / England","Michael Olowokandi",9.72
"2917","2003 - 2004","Netherlands / United States","Dan Gadzuric",14.6
"4239","2004 - 2005","Netherlands / United States","Dan Gadzuric",14.97
"5493","2005 - 2006","Netherlands / United States","Dan Gadzuric",14.67
"5499","2005 - 2006","Netherlands / South Sudan","Francisco Elson",8.8
"6724","2006 - 2007","Netherlands / South Sudan","Francisco Elson",8.72
"61","1999 - 2000","Netherlands","Rik Smits",12.95
"26902","2014 - 2015","Montenegro / Spain","Nikola Mirotic",11.68
"35406","2016 - 2017","Montenegro / Spain","Nikola Mirotic",13.18
"40044","2017 - 2018","Montenegro / Spain","Nikola Mirotic",17.96
"1778","2002 - 2003","Montenegro","Peja Drobnjak",9.42
"4238","2004 - 2005","Montenegro","Peja Drobnjak",9.02
"14803","2011 - 2012","Montenegro","Nikola Pekovic",16.04
"104","1999 - 2000","Lithuania","Arvydas Sabonis",14.88
"1715","2002 - 2003","Lithuania","Zydrunas Ilgauskas",11.47
"1841","2002 - 2003","Lithuania","Arvydas Sabonis",14.53
"2795","2003 - 2004","Lithuania","Zydrunas Ilgauskas",13.85
"2936","2003 - 2004","Lithuania","Darius Songaila",11.34
"4144","2004 - 2005","Lithuania","Zydrunas Ilgauskas",11.98
"4236","2004 - 2005","Lithuania","Darius Songaila",12.55
"5368","2005 - 2006","Lithuania","Zydrunas Ilgauskas",14.13
"5471","2005 - 2006","Lithuania","Sarunas Jasikevicius",8.64
"6619","2006 - 2007","Lithuania","Zydrunas Ilgauskas",13.97
"6679","2006 - 2007","Lithuania","Linas Kleiza",8.11
"8007","2007 - 2008","Lithuania","Zydrunas Ilgauskas",14.33
"8031","2007 - 2008","Lithuania","Linas Kleiza",11.97
"8112","2007 - 2008","Lithuania","Darius Songaila",9.48
"9356","2008 - 2009","Lithuania","Zydrunas Ilgauskas",13.91
"9361","2008 - 2009","Lithuania","Linas Kleiza",10.22
"9409","2008 - 2009","Lithuania","Darius Songaila",11.53
"10723","2009 - 2010","Lithuania","Darius Songaila",9.98
"10736","2009 - 2010","Lithuania","Zydrunas Ilgauskas",9.61
"12032","2010 - 2011","Lithuania","Zydrunas Ilgauskas",11.23
"18877","2012 - 2013","Lithuania","Jonas Valanciunas",10.82
"22929","2013 - 2014","Lithuania","Jonas Valanciunas",12.12
"26877","2014 - 2015","Lithuania","Jonas Valanciunas",15.53
"26896","2014 - 2015","Lithuania","Donatas Motiejunas",12.88
"35362","2016 - 2017","Lithuania","Jonas Valanciunas",16.63
"35510","2016 - 2017","Lithuania","Mindaugas Kuzminskas",10.95
"40015","2017 - 2018","Lithuania","Jonas Valanciunas",19.89
"51752","2019 - 2020","Lithuania","Jonas Valanciunas",22.55
"6648","2006 - 2007","Latvia","Andris Biedrins",15.48
"8048","2007 - 2008","Latvia","Andris Biedrins",17.93
"31146","2015 - 2016","Latvia","Kristaps Porzingis",13.49
"35323","2016 - 2017","Latvia","Kristaps Porzingis",14.62
"35544","2016 - 2017","Latvia","Davis Bertans",12.26
"40157","2017 - 2018","Latvia","Davis Bertans",13.53
"45201","2018 - 2019","Latvia","Davis Bertans",13.25
"45221","2018 - 2019","Latvia","Rodions Kurucs",10.51
"51736","2019 - 2020","Latvia","Kristaps Porzingis",17.63
"51787","2019 - 2020","Latvia","Davis Bertans",15.54
"18913","2012 - 2013","Italy / United States","Reggie Jackson",11.99
"22908","2013 - 2014","Italy / United States","Reggie Jackson",12.74
"26855","2014 - 2015","Italy / United States","Reggie Jackson",13.67
"31106","2015 - 2016","Italy / United States","Reggie Jackson",14.26
"45079","2018 - 2019","Italy / United States","Reggie Jackson",13.31
"6655","2006 - 2007","Italy","Andrea Bargnani",9.38
"8050","2007 - 2008","Italy","Andrea Bargnani",7.31
"9305","2008 - 2009","Italy","Andrea Bargnani",10.97
"10596","2009 - 2010","Italy","Andrea Bargnani",12.92
"10615","2009 - 2010","Italy","Danilo Gallinari",11.08
"11873","2010 - 2011","Italy","Andrea Bargnani",11.09
"11948","2010 - 2011","Italy","Marco Belinelli",9.48
"14775","2011 - 2012","Italy","Marco Belinelli",8.88
"18764","2012 - 2013","Italy","Danilo Gallinari",11.64
"18846","2012 - 2013","Italy","Marco Belinelli",6.95
"22933","2013 - 2014","Italy","Marco Belinelli",13.21
"35330","2016 - 2017","Italy","Danilo Gallinari",11.91
"35395","2016 - 2017","Italy","Marco Belinelli",10.86
"40017","2017 - 2018","Italy","Marco Belinelli",12.77
"45073","2018 - 2019","Italy","Danilo Gallinari",16.36
"45147","2018 - 2019","Italy","Marco Belinelli",11.07
"51737","2019 - 2020","Italy","Danilo Gallinari",15.33
"51915","2019 - 2020","Italy","Nicolo Melli",11.6
"51929","2019 - 2020","Italy","Marco Belinelli",10.48
"10669","2009 - 2010","Israel","Omri Casspi",10.53
"11992","2010 - 2011","Israel","Omri Casspi",10.29
"14859","2011 - 2012","Israel","Omri Casspi",8.39
"23017","2013 - 2014","Israel","Omri Casspi",10.52
"23004","2013 - 2014","Greece / Nigeria","Giannis Antetokounmpo",7.52
"26867","2014 - 2015","Greece / Nigeria","Giannis Antetokounmpo",10.66
"31113","2015 - 2016","Greece / Nigeria","Giannis Antetokounmpo",14.61
"35293","2016 - 2017","Greece / Nigeria","Giannis Antetokounmpo",20.17
"39944","2017 - 2018","Greece / Nigeria","Giannis Antetokounmpo",21.21
"45035","2018 - 2019","Greece / Nigeria","Giannis Antetokounmpo",26.68
"51700","2019 - 2020","Greece / Nigeria","Giannis Antetokounmpo",28.99
"142","1999 - 2000","Germany / United States","Detlef Schrempf",8.77
"1771","2002 - 2003","Germany / United States","Carlos Boozer",14.63
"2801","2003 - 2004","Germany / United States","Carlos Boozer",15.91
"6563","2006 - 2007","Germany / United States","Carlos Boozer",19.53
"7952","2007 - 2008","Germany / United States","Carlos Boozer",18.31
"10580","2009 - 2010","Germany / United States","Carlos Boozer",17.92
"11915","2010 - 2011","Germany / United States","Carlos Boozer",14.77
"14741","2011 - 2012","Germany / United States","Carlos Boozer",16.87
"18749","2012 - 2013","Germany / United States","Carlos Boozer",13.69
"22910","2013 - 2014","Germany / United States","Carlos Boozer",11.7
"26900","2014 - 2015","Germany / United States","Carlos Boozer",14.09
"31","1999 - 2000","Germany","Dirk Nowitzki",12.54
"521","2000 - 2001","Germany","Dirk Nowitzki",14.95
"1031","2001 - 2002","Germany","Dirk Nowitzki",16.53
"1684","2002 - 2003","Germany","Dirk Nowitzki",17.22
"2760","2003 - 2004","Germany","Dirk Nowitzki",15.68
"4113","2004 - 2005","Germany","Dirk Nowitzki",15.76
"5327","2005 - 2006","Germany","Dirk Nowitzki",17.38
"6550","2006 - 2007","Germany","Dirk Nowitzki",17.69
"7947","2007 - 2008","Germany","Dirk Nowitzki",16.19
"9259","2008 - 2009","Germany","Dirk Nowitzki",15.97
"10565","2009 - 2010","Germany","Dirk Nowitzki",15.46
"11863","2010 - 2011","Germany","Dirk Nowitzki",16.56
"14711","2011 - 2012","Germany","Dirk Nowitzki",13.88
"22850","2013 - 2014","Germany","Dirk Nowitzki",18.14
"26834","2014 - 2015","Germany","Dirk Nowitzki",14.46
"26919","2014 - 2015","Germany","Dennis Schroder",11.99
"31112","2015 - 2016","Germany","Dirk Nowitzki",14.91
"31167","2015 - 2016","Germany","Dennis Schroder",13.19
"35311","2016 - 2017","Germany","Dennis Schroder",14.3
"39972","2017 - 2018","Germany","Dennis Schroder",14.96
"40031","2017 - 2018","Germany","Dirk Nowitzki",16.03
"40174","2017 - 2018","Germany","Maxi Kleber",12.57
"40189","2017 - 2018","Germany","Daniel Theis",14.02
"45084","2018 - 2019","Germany","Dennis Schroder",11.78
"45241","2018 - 2019","Germany","Maxi Kleber",13
"45282","2018 - 2019","Germany","Daniel Theis",16.32
"51726","2019 - 2020","Germany","Dennis Schroder",14.56
"51830","2019 - 2020","Germany","Maxi Kleber",13.41
"51848","2019 - 2020","Germany","Daniel Theis",17.07
"51942","2019 - 2020","Germany","Isaac Bonga",9.35
"1853","2002 - 2003","Georgia","Vladimir Stepania",10.45
"1875","2002 - 2003","Georgia","Nikoloz Tskitishvili",2.96
"4272","2004 - 2005","Georgia","Zaza Pachulia",9.4
"5404","2005 - 2006","Georgia","Zaza Pachulia",8.67
"6629","2006 - 2007","Georgia","Zaza Pachulia",9.32
"9422","2008 - 2009","Georgia","Zaza Pachulia",8.86
"10757","2009 - 2010","Georgia","Zaza Pachulia",9.04
"12034","2010 - 2011","Georgia","Zaza Pachulia",7.27
"14860","2011 - 2012","Georgia","Zaza Pachulia",10.39
"26947","2014 - 2015","Georgia","Zaza Pachulia",12.72
"31206","2015 - 2016","Georgia","Zaza Pachulia",11.76
"35508","2016 - 2017","Georgia","Zaza Pachulia",14.89
"40179","2017 - 2018","Georgia","Zaza Pachulia",15.8
"45296","2018 - 2019","Georgia","Zaza Pachulia",9.88
"51973","2019 - 2020","Georgia","Goga Bitadze",11.55
"8114","2007 - 2008","France / United States","Joakim Noah",11.9
"9413","2008 - 2009","France / United States","Joakim Noah",14
"10692","2009 - 2010","France / United States","Joakim Noah",14.3
"14802","2011 - 2012","France / United States","Joakim Noah",15.27
"18829","2012 - 2013","France / United States","Joakim Noah",14.56
"22915","2013 - 2014","France / United States","Joakim Noah",15.93
"26977","2014 - 2015","France / United States","Joakim Noah",13.03
"1133","2001 - 2002","France","Tony Parker",8.81
"1723","2002 - 2003","France","Tony Parker",11.46
"2809","2003 - 2004","France","Tony Parker",10.71
"2934","2003 - 2004","France","Boris Diaw",7
"4142","2004 - 2005","France","Tony Parker",13.57
"5349","2005 - 2006","France","Tony Parker",15.12
"5381","2005 - 2006","France","Boris Diaw",15.03
"6569","2006 - 2007","France","Tony Parker",15.48
"6644","2006 - 2007","France","Mickael Pietrus",10.52
"6661","2006 - 2007","France","Boris Diaw",11.8
"6700","2006 - 2007","France","Johan Petro",9.77
"6720","2006 - 2007","France","Ronny Turiaf",11.81
"6731","2006 - 2007","France","Mickael Gelabale",7.07
"7986","2007 - 2008","France","Tony Parker",14.5
"8061","2007 - 2008","France","Boris Diaw",11.16
"8107","2007 - 2008","France","Ronny Turiaf",11.49
"8124","2007 - 2008","France","Johan Petro",8.34
"9273","2008 - 2009","France","Tony Parker",17.44
"9324","2008 - 2009","France","Boris Diaw",12.88
"9418","2008 - 2009","France","Mickael Pietrus",9.16
"9425","2008 - 2009","France","Ronny Turiaf",13.02
"9435","2008 - 2009","France","Nicolas Batum",11.03
"10651","2009 - 2010","France","Boris Diaw",10.99
"10702","2009 - 2010","France","Mickael Pietrus",10.09
"11878","2010 - 2011","France","Tony Parker",16.35
"11928","2010 - 2011","France","Nicolas Batum",11.85
"11935","2010 - 2011","France","Boris Diaw",12.42
"12041","2010 - 2011","France","Johan Petro",9.29
"14729","2011 - 2012","France","Tony Parker",16.1
"14766","2011 - 2012","France","Nicolas Batum",13.23
"14862","2011 - 2012","France","Kevin Seraphin",13.53
"14877","2011 - 2012","France","Boris Diaw",10.3
"14879","2011 - 2012","France","Ian Mahinmi",9.42
"14898","2011 - 2012","France","Mickael Pietrus",7.53
"14908","2011 - 2012","France","Johan Petro",8.46
"18743","2012 - 2013","France","Tony Parker",18.04
"18780","2012 - 2013","France","Nicolas Batum",12.73
"18837","2012 - 2013","France","Kevin Seraphin",8.91
"18899","2012 - 2013","France","Boris Diaw",11.15
"18904","2012 - 2013","France","Ian Mahinmi",6.81
"18930","2012 - 2013","France","Nando De Colo",9.86
"18942","2012 - 2013","France","Ronny Turiaf",7.9
"22889","2013 - 2014","France","Tony Parker",15.23
"22903","2013 - 2014","France","Nicolas Batum",13.89
"22969","2013 - 2014","France","Boris Diaw",13.12
"22984","2013 - 2014","France","Evan Fournier",8.34
"23040","2013 - 2014","France","Ian Mahinmi",6.78
"26873","2014 - 2015","France","Tony Parker",13.2
"26931","2014 - 2015","France","Boris Diaw",11.4
"26935","2014 - 2015","France","Rudy Gobert",17.15
"26937","2014 - 2015","France","Nicolas Batum",11.64
"26972","2014 - 2015","France","Kevin Seraphin",10.83
"26989","2014 - 2015","France","Alexis Ajinca",15.7
"31121","2015 - 2016","France","Evan Fournier",11.87
"31140","2015 - 2016","France","Nicolas Batum",13.37
"31172","2015 - 2016","France","Tony Parker",13.64
"31204","2015 - 2016","France","Ian Mahinmi",13.94
"31244","2015 - 2016","France","Boris Diaw",12.52
"35327","2016 - 2017","France","Evan Fournier",10.88
"35328","2016 - 2017","France","Nicolas Batum",13.22
"35333","2016 - 2017","France","Rudy Gobert",17.86
"35430","2016 - 2017","France","Tony Parker",11.78
"35494","2016 - 2017","France","Timothe Luwawu-Cabarrot",6.02
"35524","2016 - 2017","France","Joffrey Lauvergne",11.77
"35533","2016 - 2017","France","Boris Diaw",8.46
"40072","2017 - 2018","France","Rudy Gobert",16.47
"40077","2017 - 2018","France","Nicolas Batum",13.49
"40166","2017 - 2018","France","Tony Parker",11.61
"40181","2017 - 2018","France","Ian Mahinmi",9.49
"45077","2018 - 2019","France","Rudy Gobert",21.81
"45083","2018 - 2019","France","Evan Fournier",12.14
"45178","2018 - 2019","France","Nicolas Batum",11.99
"45222","2018 - 2019","France","Tony Parker",13.67
"51727","2019 - 2020","France","Evan Fournier",15.01
"51756","2019 - 2020","France","Rudy Gobert",18.61
"51968","2019 - 2020","France","Elie Okobo",9.69
"682","2000 - 2001","Finland","Hanno Mottola",3.39
"1189","2001 - 2002","Finland","Hanno Mottola",6.19
"39999","2017 - 2018","Finland","Lauri Markkanen",14.63
"51807","2019 - 2020","Finland","Lauri Markkanen",12.82
"4151","2004 - 2005","England / United States","Ben Gordon",9.33
"5358","2005 - 2006","England / United States","Ben Gordon",10.54
"6552","2006 - 2007","England / United States","Ben Gordon",11.78
"7984","2007 - 2008","England / United States","Ben Gordon",11.71
"9266","2008 - 2009","England / United States","Ben Gordon",12.35
"11936","2010 - 2011","England / United States","Ben Gordon",9.22
"18813","2012 - 2013","England / United States","Ben Gordon",9.34
"40163","2017 - 2018","England / United States","Ogugua Anunoby",9.81
"45247","2018 - 2019","England / United States","Ogugua Anunoby",10.3
"51808","2019 - 2020","England / United States","Ogugua Anunoby",13.78
"5379","2005 - 2006","England / South Sudan","Luol Deng",12.06
"6564","2006 - 2007","England / South Sudan","Luol Deng",14.56
"10614","2009 - 2010","England / South Sudan","Luol Deng",11.97
"11872","2010 - 2011","England / South Sudan","Luol Deng",11.89
"14762","2011 - 2012","England / South Sudan","Luol Deng",10.8
"18754","2012 - 2013","England / South Sudan","Luol Deng",11.37
"26870","2014 - 2015","England / South Sudan","Luol Deng",11.44
"31163","2015 - 2016","England / South Sudan","Luol Deng",12.32
"8069","2007 - 2008","England / Nigeria","Kelenna Azubuike",11.79
"9326","2008 - 2009","England / Nigeria","Kelenna Azubuike",12.18
"2857","2003 - 2004","Czech Republic","Jiri Welsch",8.81
"4271","2004 - 2005","Czech Republic","Jiri Welsch",6.27
"14907","2011 - 2012","Czech Republic","Jan Vesely",9.95
"35563","2016 - 2017","Czech Republic","Tomas Satoransky",7.95
"40134","2017 - 2018","Czech Republic","Tomas Satoransky",14.54
"45171","2018 - 2019","Czech Republic","Tomas Satoransky",13.66
"51838","2019 - 2020","Czech Republic","Tomas Satoransky",12.89
"1751","2002 - 2003","Croatia","Gordan Giricek",8.27
"2848","2003 - 2004","Croatia","Gordan Giricek",8.91
"2878","2003 - 2004","Croatia","Toni Kukoc",10.9
"4221","2004 - 2005","Croatia","Gordan Giricek",9.35
"6707","2006 - 2007","Croatia","Gordan Giricek",8.66
"9453","2008 - 2009","Croatia","Roko Ukic",8.03
"31248","2015 - 2016","Croatia","Mario Hezonja",8.56
"35347","2016 - 2017","Croatia","Dario Saric",11.3
"35538","2016 - 2017","Croatia","Mario Hezonja",6.58
"39987","2017 - 2018","Croatia","Dario Saric",14.85
"40081","2017 - 2018","Croatia","Mario Hezonja",13.1
"45140","2018 - 2019","Croatia","Dario Saric",12.44
"45230","2018 - 2019","Croatia","Mario Hezonja",9.41
"45254","2018 - 2019","Croatia","Ante Zizic",13.55
"51820","2019 - 2020","Croatia","Dario Saric",13.95
"51958","2019 - 2020","Croatia","Mario Hezonja",8.44
"26932","2014 - 2015","Bosnia and Herzegovina / Croatia","Bojan Bogdanovic",9.34
"31166","2015 - 2016","Bosnia and Herzegovina / Croatia","Bojan Bogdanovic",8.98
"35335","2016 - 2017","Bosnia and Herzegovina / Croatia","Bojan Bogdanovic",10.67
"39988","2017 - 2018","Bosnia and Herzegovina / Croatia","Bojan Bogdanovic",11.69
"40132","2017 - 2018","Bosnia and Herzegovina / Croatia","Dragan Bender",7.47
"45061","2018 - 2019","Bosnia and Herzegovina / Croatia","Bojan Bogdanovic",14.33
"45224","2018 - 2019","Bosnia and Herzegovina / Croatia","Ivica Zubac",17.43
"51723","2019 - 2020","Bosnia and Herzegovina / Croatia","Bojan Bogdanovic",12.41
"51851","2019 - 2020","Bosnia and Herzegovina / Croatia","Ivica Zubac",20
"22990","2013 - 2014","Bosnia and Herzegovina","Mirza Teletovic",12.93
"31156","2015 - 2016","Bosnia and Herzegovina","Mirza Teletovic",14.19
"35423","2016 - 2017","Bosnia and Herzegovina","Jusuf Nurkic",15.24
"35490","2016 - 2017","Bosnia and Herzegovina","Mirza Teletovic",8.75
"39990","2017 - 2018","Bosnia and Herzegovina","Jusuf Nurkic",16.49
"45093","2018 - 2019","Bosnia and Herzegovina","Jusuf Nurkic",19.36
"40155","2017 - 2018","Belgium / France","Frank Ntilikina",6.8
"51933","2019 - 2020","Belgium / France","Frank Ntilikina",9.3
"35562","2016 - 2017","Austria","Jakob Poeltl",10.06
"40117","2017 - 2018","Austria","Jakob Poeltl",16.69
"45267","2018 - 2019","Austria","Jakob Poeltl",19.09
"51926","2019 - 2020","Austria","Jakob Poeltl",19.48
"6725","2006 - 2007","Argentina / Italy","Fabricio Oberto",10.46
"8131","2007 - 2008","Argentina / Italy","Fabricio Oberto",12.38
